SeqID,Seq
PadLock_001,TTTCGAGAGCCTTTAAGATAATGTGCCACA
PadLock_002,TGATGTCGGCACCAATATGTTCGCAGAGTC
PadLock_003,ATTCCGCTAGGTATTCTGACACACGGACTA
PadLock_004,TGCGCCGTTAGATGCGGGAGACCATTTGGG
PadLock_005,CAGGTTACGATACAGGGTTGGATTCTTGGT
PadLock_006,ACGTTGCTAGTGACAATGCTTATCTGTTTG
PadLock_007,CGCTGTTCCGTATACAATTTAGTCGTCTAG
PadLock_008,CGTAGTTCCGCCGGCCAAGATAAATCACTA
PadLock_009,GTCCGTCTACAACAAAGCTGCATAGTGTCC
PadLock_010,AGGAAACATCTAGTCGACAGTATGCTCTTT
PadLock_011,TAGGCTAGTTCAATGTATACGCGCATGGTA
PadLock_012,CGTGAATTAATGCTCGGTAACCTGATGTAT
PadLock_013,CTTTGTCCGGTCTACTCTATTGTTCGTCAC
PadLock_014,GACGGCTTGTCGAACTATGTGAGGGAGCAT
PadLock_015,TGGCTATTCCGGCTTTGTCATGCTCACGTT
PadLock_016,TAAGTGATCTCGGCTGACAGTACTATAACG
PadLock_017,CGTTAATACCGTGTAATAGTTAGGCCTTGG
PadLock_018,CGCTTCTTATAGGTTTCTCTCTTATGCGCT
PadLock_019,CTCATCGGATGGAATAGCGCTTGGTAGACG
PadLock_020,CTCTATACTTTCTATCTGGAGCGAGTCATG
PadLock_021,TCGGTTCAACGGTCTTATTTGTCTAGCCTG
PadLock_022,AAGCTATCGAACTGGCCGGTACTTGTCACA
PadLock_023,CATAGCAAACGCGAACTAATGGATGTCTAT
PadLock_024,TGTATTAGACTCCTCCGACTTGCTGCGAAA
PadLock_025,TCATAACCTTTCATTCGTGCGCTTAAGTCT
PadLock_026,CTTACTGAGCCGATGTCAATTAGTCTAACG
PadLock_027,TCATGACTTTGTACGGCCTTCAGATTGCTT
PadLock_028,TAATATCTGACCGTGCTGCCGATTCGTTGG
PadLock_029,GTCGCTTAGCAACGCAATGTGTCGCCTGTA
PadLock_030,ATGGGCCTGGTTACTCGTCGATAGTGATTA
PadLock_031,TAGACTTACTTCTTAATCGGCCGCACATTT
PadLock_032,CGTTCTGAATGCACTCGGTAGGTTTAACAT
PadLock_033,GCTGCATTTGTCATCGGATCGGTTCTACTT
PadLock_034,CAAAGAAGATTAGATCGGCGGCCACAGTGC
PadLock_035,TTGTCCGTTGTGCAGGCTACTATGGTCTTA
PadLock_036,TCCAGGTTAGATGCGGTCGAATTTCTTTAG
PadLock_037,GCACACTTCGTTATCTCTGCATATTCGGCG
PadLock_038,TTTGCGTGTAGAGATCGGTCAATGGCTATT
PadLock_039,TATCATGTCTTCCGGCTAGCACTAAGATTG
PadLock_040,GCCAGTCATTTCACCAGAGACGTTAGCAAG
PadLock_041,CTATTCCTATTGTGCCAGCTTCCGACGAAT
PadLock_042,TCTCTAACGTTAATCATTTACAGGCGGCGT
PadLock_043,TGAACTAGGTCTTTCTCGCGGCCATAAACT
PadLock_044,GGTTCGGAACTCGGTAGAACGGGTCTTAAA
PadLock_045,TTACGCGCCACGTTATAGGCTTGCATCTAG
PadLock_046,GTACCGCATATTGTACTTCTAGACCGGCTT
PadLock_047,TGTAGTAGTGTTTCCGGCCGCCATAGAATT
PadLock_048,AAGTTCTACTATTGCGACATGTTCCAGTAC
PadLock_049,AAACACTCATTACGCGACCCATAGCACATT
PadLock_050,CCTTATTACAACGAGATGAGCGGTCCAAGA
PadLock_051,CTTCGTTCTTCCGGCTGCTGTTAGGTAGTC
PadLock_052,TGGACGTTTAGATGGTGTATGCCTTAGTGC
PadLock_053,TTTCATCGCGCTGCAAATCTTAACAACGTG
PadLock_054,TCTGGCACATACGACTGATATAATACAACC
PadLock_055,TTGAGACTTCGACGCCAGGAATTTGAGACG
PadLock_056,AGAACAGATCGTCCGCTCTAGAATGCTTAT
PadLock_057,GTCAGGTATAATCGGCGCTCACTATGGTTC
PadLock_058,ATGCTCTCTCGAATTCTTATTGGCGGAGTT
PadLock_059,GGCCAGTGAGCTCGACAAGTTTCAGATAGG
PadLock_060,CATGACTCAACTTTCGAGCATTGGAATCAC
PadLock_061,CAGTAACGTTCGCAGGATCAGGGTTACAAT
PadLock_062,CATTGTAATCGGCATGTACGGACCACTGTA
PadLock_063,ACTCGCCACTAGACTCCCAGGCTTTGACCC
PadLock_064,TGTCGCGATGGTTGTTGTTGTGCGTGCTTT
PadLock_065,GTTCTCGTCATAGTTCGATCATTGCGGCGA
PadLock_066,TCTAGCGAAACGTCTTTACTGTCTTGCTCA
PadLock_067,CTTCGCCGTAGACTTTCTTGGAGCTGATCT
PadLock_068,CACCGCGATGTTCACCCGAAGCTTTCTCCA
PadLock_069,TTAGTCTGCGACTTAGAGACTAGGACTGAC
PadLock_070,CACACTCGACGAGAGCTATTGACTGTACCA
PadLock_071,TTTATCGGCACGTTCACTTCCTGGTCAACT
PadLock_072,CCAGCGCTCGAACCAGATGTCTCACACAAT
PadLock_073,CGGCGCTCGTGACGGACTTCGGCCAGTACT
PadLock_074,TGTTGCGTCCGATGTGAGTGCTCTTGGAAG
PadLock_075,GGTTCGCAAATCGGTGCTGTGTTGGTGGCT
PadLock_076,CTGCCGAACACGCTGGCTTTATTACAGGCT
PadLock_077,TGGTCAATTTCGTGGGATCCAGCTTCATAT
PadLock_078,TGTCACGGGACGTGTTTTAGGCATCGCTTT
PadLock_079,GGACTCTCGTAGGAAGACTGACTTGACGAC
PadLock_080,TTGGCGGATCGCTTGTACAGGTTCATCTAC
PadLock_081,TCTATATTCCGATCCTGTGCCGCTGACTGT
PadLock_082,CAACGGCTCGAAGAATTGACAGGAGACTTA
PadLock_083,TGTCGATCCCGCTGTTACATCTTCTCCTAG
PadLock_084,TTGTTGCCGACGTTGGATGGAATTTCCGAT
PadLock_085,CGTCTATAGGCGCGTTGTTGCAGCTAATGT
PadLock_086,AGAACGCTCGACAAACACAACTTCTAGCAG
PadLock_087,TACGGCGCATTGTACTAGCGAGGGACCTAG
PadLock_088,TCGCGCACCCATTCGTTGTCATGCTCCTTG
PadLock_089,GCGTACTTTCGCGCGTGCTTAGTCAGGTGC
PadLock_090,GTTGCGACTGGTGTTTGACTGCCGACCTAA
PadLock_091,TGCATACTGCGTTGGTCCCGTTTGCTCTCC
PadLock_092,CATAGGCGGTTAGATGAGCCCATTGACGAG
PadLock_093,TACCCGTACCTTTACGTTATCCAGTGTGTC
PadLock_094,TGGTATAACCGTTGGGTAATGTTGAGCGCT
PadLock_095,TAGCGACCGGTTTAGGGTTGACATGATGGT
PadLock_096,TGTCCGGACGGATGTAGCTTACCCTCCAGC
PadLock_097,TCACGATGTACGTCATGATCGGCCATCTGA
PadLock_098,TAGCGTCATGCGTAGCAGGAAACTCGTCAG
PadLock_099,AGCGGTCTTACGAGCTTCTGAGTTCACTTC
PadLock_100,CGCCCGTTCAAACGCAATGTGGCACTGTAT
PadLock_101,ATTCCGTCGACAATTTCTATGCATGCCTCC
PadLock_102,GTACTCGTTGACGCATGTTAATCTGCCTGT
PadLock_103,GTACGCGGTATGGTAATTTGGGATCCGATT
PadLock_104,TATACGCCGTTGCATTCTGTCTGTATCTCT
PadLock_105,ATTTACCCGCGAATTGACACTAGCTGGAAC
PadLock_106,AGCGTAACTGCGAGCCACCTGACTGAACAC
PadLock_107,GACTCGAACGACGACTGTGGCCTCCGCTGT
PadLock_108,GTTGTACCCGTCGTTTATCTGGCCAGGCAT
PadLock_109,CGTATATCCGATCGCCATCTAGTCTGGGAT
PadLock_110,CCAATCCGCCTTCGTTGTGCCAGTGACTGT
